[
  {
    "id": "7e02ae98-ad44-479e-b089-27f9a4bc375c",
    "data": [
      {
        "text": "What can you do?",
        "userDefined": false
      }
    ],
    "isTemplate": false,
    "count": 0,
    "updated": 0
  },
  {
    "id": "5e09a30e-2f47-41f2-90f9-b1c508af0f94",
    "data": [
      {
        "text": "what can i do",
        "userDefined": false
      }
    ],
    "isTemplate": false,
    "count": 0,
    "updated": 0
  },
  {
    "id": "be097506-964f-456e-9bc1-5512effe14fa",
    "data": [
      {
        "text": "who are you?",
        "userDefined": false
      }
    ],
    "isTemplate": false,
    "count": 0,
    "updated": 0
  },
  {
    "id": "b5504e7a-894f-4d55-8466-57631019754b",
    "data": [
      {
        "text": "What is this?",
        "userDefined": false
      }
    ],
    "isTemplate": false,
    "count": 0,
    "updated": 0
  },
  {
    "id": "c0f27dec-cbe6-497d-b6cb-be89f285f5a6",
    "data": [
      {
        "text": "What do I do?",
        "userDefined": false
      }
    ],
    "isTemplate": false,
    "count": 0,
    "updated": 0
  },
  {
    "id": "27f09f1f-5071-461a-a10f-f80e8b2c832a",
    "data": [
      {
        "text": "what is the shortcut",
        "userDefined": false
      }
    ],
    "isTemplate": false,
    "count": 0,
    "updated": 0
  },
  {
    "id": "506d578d-7dea-4c3b-a661-1cd2e166918e",
    "data": [
      {
        "text": "how does this work",
        "userDefined": false
      }
    ],
    "isTemplate": false,
    "count": 0,
    "updated": 0
  },
  {
    "id": "e69dbd88-d01f-45cc-b097-8522b30f09df",
    "data": [
      {
        "text": "how do you work",
        "userDefined": false
      }
    ],
    "isTemplate": false,
    "count": 1,
    "updated": 0
  },
  {
    "id": "82352b79-62e0-4aea-9eca-5207bbbda3e4",
    "data": [
      {
        "text": "how does the mental shortcut work",
        "userDefined": false
      }
    ],
    "isTemplate": false,
    "count": 0,
    "updated": 0
  },
  {
    "id": "170e8e10-8041-444a-978d-9a7526d9e714",
    "data": [
      {
        "text": "how does the shortcut work",
        "userDefined": false
      }
    ],
    "isTemplate": false,
    "count": 0,
    "updated": 0
  },
  {
    "id": "e416b11a-9c37-4dbe-a3ba-2b861abd189e",
    "data": [
      {
        "text": "how does it work",
        "userDefined": false
      }
    ],
    "isTemplate": false,
    "count": 0,
    "updated": 0
  },
  {
    "id": "89f7e567-52e8-4112-839c-ebac41b9f0af",
    "data": [
      {
        "text": "what is the mental shortcut",
        "userDefined": false
      }
    ],
    "isTemplate": false,
    "count": 0,
    "updated": 0
  }
]