[
  {
    "id": "79f08cd5-468c-48e1-8ab2-f813d9ad6480",
    "data": [
      {
        "text": "What can you do?",
        "userDefined": false
      }
    ],
    "isTemplate": false,
    "count": 0,
    "updated": 0
  },
  {
    "id": "653b5e75-e30a-4bda-97d4-f76748750ed4",
    "data": [
      {
        "text": "what can i do",
        "userDefined": false
      }
    ],
    "isTemplate": false,
    "count": 0,
    "updated": 0
  },
  {
    "id": "e03960e7-a427-4ed0-8328-a4f217dcd2b2",
    "data": [
      {
        "text": "who are you?",
        "userDefined": false
      }
    ],
    "isTemplate": false,
    "count": 0,
    "updated": 0
  },
  {
    "id": "f8f8ca81-6e84-4dba-9bf1-d537d3e3bf78",
    "data": [
      {
        "text": "What is this?",
        "userDefined": false
      }
    ],
    "isTemplate": false,
    "count": 0,
    "updated": 0
  },
  {
    "id": "708d1f66-5513-4869-8dcc-80dd018644b0",
    "data": [
      {
        "text": "What do I do?",
        "userDefined": false
      }
    ],
    "isTemplate": false,
    "count": 0,
    "updated": 0
  },
  {
    "id": "d53d172f-1eb9-43c2-8071-656b5e69082c",
    "data": [
      {
        "text": "what is the shortcut",
        "userDefined": false
      }
    ],
    "isTemplate": false,
    "count": 0,
    "updated": 0
  },
  {
    "id": "7dcbfc9d-f41b-44bc-91c8-f6d9a1133167",
    "data": [
      {
        "text": "how does this work",
        "userDefined": false
      }
    ],
    "isTemplate": false,
    "count": 0,
    "updated": 0
  },
  {
    "id": "e8b8e181-6964-4767-ab60-1e3607224339",
    "data": [
      {
        "text": "how do you work",
        "userDefined": false
      }
    ],
    "isTemplate": false,
    "count": 1,
    "updated": 0
  },
  {
    "id": "2624b51d-c41d-4dab-afb7-96be52a0e28e",
    "data": [
      {
        "text": "how does the mental shortcut work",
        "userDefined": false
      }
    ],
    "isTemplate": false,
    "count": 0,
    "updated": 0
  },
  {
    "id": "07ec9d56-9a38-4849-be19-962810cfb054",
    "data": [
      {
        "text": "how does the shortcut work",
        "userDefined": false
      }
    ],
    "isTemplate": false,
    "count": 0,
    "updated": 0
  },
  {
    "id": "6cb891e7-92e8-40fb-951e-a42d70cd7f23",
    "data": [
      {
        "text": "how does it work",
        "userDefined": false
      }
    ],
    "isTemplate": false,
    "count": 0,
    "updated": 0
  },
  {
    "id": "0d9e408a-5cf4-4c95-8c68-ba59e5714bb9",
    "data": [
      {
        "text": "what is the mental shortcut",
        "userDefined": false
      }
    ],
    "isTemplate": false,
    "count": 0,
    "updated": 0
  }
]