[
  {
    "id": "48a4e8d9-7474-42f8-a436-288905023f6b",
    "data": [
      {
        "text": "cancel",
        "userDefined": false
      }
    ],
    "isTemplate": false,
    "count": 0,
    "updated": 0
  },
  {
    "id": "941e654a-99ef-48d2-87cf-7853e1586cda",
    "data": [
      {
        "text": "I gotta go now",
        "userDefined": false
      }
    ],
    "isTemplate": false,
    "count": 0,
    "updated": 0
  },
  {
    "id": "c85acae8-4ce7-488d-8663-e803f43120f2",
    "data": [
      {
        "text": "later",
        "userDefined": false
      }
    ],
    "isTemplate": false,
    "count": 1,
    "updated": 0
  },
  {
    "id": "318f4bba-8148-4e22-8c98-237ca28fc909",
    "data": [
      {
        "text": "goodbye",
        "userDefined": false
      }
    ],
    "isTemplate": false,
    "count": 0,
    "updated": 0
  },
  {
    "id": "63249d42-0c09-4b3b-b800-2d00862690cb",
    "data": [
      {
        "text": "bye",
        "userDefined": false
      }
    ],
    "isTemplate": false,
    "count": 1,
    "updated": 0
  },
  {
    "id": "46a59a6c-ab7a-4bab-afee-7982093f2d06",
    "data": [
      {
        "text": "adios",
        "userDefined": false
      }
    ],
    "isTemplate": false,
    "count": 0,
    "updated": 0
  },
  {
    "id": "d50a7074-64ee-41b7-b877-7a0fe34a3be4",
    "data": [
      {
        "text": "ciao",
        "userDefined": false
      }
    ],
    "isTemplate": false,
    "count": 0,
    "updated": 0
  },
  {
    "id": "d3feba41-da07-4964-8de1-b5e2d70c80bc",
    "data": [
      {
        "text": "bye bye",
        "userDefined": false
      }
    ],
    "isTemplate": false,
    "count": 0,
    "updated": 0
  },
  {
    "id": "57fd5947-efda-4713-87bf-9cbbd89f7b95",
    "data": [
      {
        "text": "I have to go now",
        "userDefined": false
      }
    ],
    "isTemplate": false,
    "count": 1,
    "updated": 0
  },
  {
    "id": "f2d59d52-e83d-4c1f-8ce0-8abda2f75e43",
    "data": [
      {
        "text": "ta",
        "userDefined": false
      }
    ],
    "isTemplate": false,
    "count": 0,
    "updated": 0
  },
  {
    "id": "00770959-594d-4b69-9b04-640ce7be445f",
    "data": [
      {
        "text": "seeya",
        "userDefined": false
      }
    ],
    "isTemplate": false,
    "count": 0,
    "updated": 0
  },
  {
    "id": "b8c5afe5-af77-4198-83b3-7885a5207b6c",
    "data": [
      {
        "text": "never again",
        "userDefined": false
      }
    ],
    "isTemplate": false,
    "count": 0,
    "updated": 0
  },
  {
    "id": "38c0bd07-af19-41e9-bccd-7d47ff08fc54",
    "data": [
      {
        "text": "sayonara",
        "userDefined": false
      }
    ],
    "isTemplate": false,
    "count": 0,
    "updated": 0
  },
  {
    "id": "e0038a4e-f610-43f6-82b0-78663190cc68",
    "data": [
      {
        "text": "ttyl",
        "userDefined": false
      }
    ],
    "isTemplate": false,
    "count": 0,
    "updated": 0
  },
  {
    "id": "820b6bcc-7da0-4ba8-88c2-47e60237d06f",
    "data": [
      {
        "text": "nope",
        "userDefined": false
      }
    ],
    "isTemplate": false,
    "count": 0,
    "updated": 0
  },
  {
    "id": "17377898-65c7-48ea-955b-10a9e029d515",
    "data": [
      {
        "text": "laters",
        "userDefined": false
      }
    ],
    "isTemplate": false,
    "count": 1,
    "updated": 0
  },
  {
    "id": "113668b7-b3e5-45f5-aae2-1f26a3bdc398",
    "data": [
      {
        "text": "nay",
        "userDefined": false
      }
    ],
    "isTemplate": false,
    "count": 0,
    "updated": 0
  },
  {
    "id": "c6a94631-91bd-482e-8ec2-d452095d74eb",
    "data": [
      {
        "text": "farewell",
        "userDefined": false
      }
    ],
    "isTemplate": false,
    "count": 0,
    "updated": 0
  },
  {
    "id": "c280425d-5c36-41fc-b7c8-e5ab3e727f02",
    "data": [
      {
        "text": "exit",
        "userDefined": false
      }
    ],
    "isTemplate": false,
    "count": 1,
    "updated": 0
  },
  {
    "id": "d5e8ded9-7840-4e22-b7f1-6749272e034e",
    "data": [
      {
        "text": "quit",
        "userDefined": false
      }
    ],
    "isTemplate": false,
    "count": 0,
    "updated": 0
  },
  {
    "id": "22f17072-cb0b-4e4a-b02b-1d2f17fb4c39",
    "data": [
      {
        "text": "see ya",
        "userDefined": false
      }
    ],
    "isTemplate": false,
    "count": 0,
    "updated": 0
  },
  {
    "id": "f639dc3f-c54c-4726-a5db-3ae6571a2ad8",
    "data": [
      {
        "text": "nah",
        "userDefined": false
      }
    ],
    "isTemplate": false,
    "count": 0,
    "updated": 0
  },
  {
    "id": "489c03ba-aa3e-45c6-b23a-bb9c39ddcec1",
    "data": [
      {
        "text": "au revoir",
        "userDefined": false
      }
    ],
    "isTemplate": false,
    "count": 0,
    "updated": 0
  },
  {
    "id": "c13a1a31-9151-4e62-8467-3f855499c56e",
    "data": [
      {
        "text": "that\u0027s it for now",
        "userDefined": false
      }
    ],
    "isTemplate": false,
    "count": 0,
    "updated": 0
  },
  {
    "id": "d61419a5-04e2-4107-a351-a943e0914094",
    "data": [
      {
        "text": "that\u0027s enough",
        "userDefined": false
      }
    ],
    "isTemplate": false,
    "count": 0,
    "updated": 0
  },
  {
    "id": "7b44a62b-e1c7-427d-8a6c-fca892cc5f74",
    "data": [
      {
        "text": "ta ta",
        "userDefined": false
      }
    ],
    "isTemplate": false,
    "count": 0,
    "updated": 0
  },
  {
    "id": "31a8352a-0836-4bd5-9eb9-866a025f70d1",
    "data": [
      {
        "text": "cu",
        "userDefined": false
      }
    ],
    "isTemplate": false,
    "count": 1,
    "updated": 0
  },
  {
    "id": "015d5be1-3d7d-4ba3-916d-deaa7a4aa1f1",
    "data": [
      {
        "text": "no thanks",
        "userDefined": false
      }
    ],
    "isTemplate": false,
    "count": 0,
    "updated": 0
  },
  {
    "id": "5a2401c6-fafc-4ccc-be67-4765c66a99b1",
    "data": [
      {
        "text": "gotta go",
        "userDefined": false
      }
    ],
    "isTemplate": false,
    "count": 0,
    "updated": 0
  },
  {
    "id": "52b4b2ec-de2e-43e5-8ec3-d5c8bc4c7c06",
    "data": [
      {
        "text": "no",
        "userDefined": false
      }
    ],
    "isTemplate": false,
    "count": 0,
    "updated": 0
  },
  {
    "id": "a63b0ff4-91d6-4860-8fe7-7cc33b7585f2",
    "data": [
      {
        "text": "I have to leave now",
        "userDefined": false
      }
    ],
    "isTemplate": false,
    "count": 0,
    "updated": 0
  },
  {
    "id": "e9f41d1c-d30a-4521-a255-d67bbd750d59",
    "data": [
      {
        "text": "cya",
        "userDefined": false
      }
    ],
    "isTemplate": false,
    "count": 0,
    "updated": 0
  },
  {
    "id": "99b38f39-cb11-4c05-95c0-e766c161be53",
    "data": [
      {
        "text": "gtg",
        "userDefined": false
      }
    ],
    "isTemplate": false,
    "count": 0,
    "updated": 0
  },
  {
    "id": "c6037357-dc25-4301-9e59-6f71ef6cb9ec",
    "data": [
      {
        "text": "good bye",
        "userDefined": false
      }
    ],
    "isTemplate": false,
    "count": 1,
    "updated": 0
  },
  {
    "id": "5a85bb40-e8ed-4e2d-9b03-173f7463be74",
    "data": [
      {
        "text": "done",
        "userDefined": false
      }
    ],
    "isTemplate": false,
    "count": 0,
    "updated": 0
  },
  {
    "id": "e0196616-5600-45c2-9650-9da61fa8f93e",
    "data": [
      {
        "text": "arrivederci",
        "userDefined": false
      }
    ],
    "isTemplate": false,
    "count": 0,
    "updated": 0
  },
  {
    "id": "1d4f78b1-12e5-4022-97b8-f90c1d797442",
    "data": [
      {
        "text": "ok bye",
        "userDefined": false
      }
    ],
    "isTemplate": false,
    "count": 1,
    "updated": 0
  },
  {
    "id": "f7bebdaf-5c8f-4107-9d18-efaaa350696d",
    "data": [
      {
        "text": "I gotta leave now",
        "userDefined": false
      }
    ],
    "isTemplate": false,
    "count": 1,
    "updated": 0
  },
  {
    "id": "545549cd-7af8-4272-8543-a0dadf89c589",
    "data": [
      {
        "text": "talk to you later",
        "userDefined": false
      }
    ],
    "isTemplate": false,
    "count": 0,
    "updated": 0
  },
  {
    "id": "eee5e6f7-b4fe-4bdd-a19f-b36123020b9b",
    "data": [
      {
        "text": "see you",
        "userDefined": false
      }
    ],
    "isTemplate": false,
    "count": 0,
    "updated": 0
  },
  {
    "id": "913248dc-d116-4b9e-b708-c6a74792dbba",
    "data": [
      {
        "text": "I need to leave now",
        "userDefined": false
      }
    ],
    "isTemplate": false,
    "count": 0,
    "updated": 0
  },
  {
    "id": "5659389b-1a62-4f9f-a5c4-5e3d5ac032ee",
    "data": [
      {
        "text": "adieu",
        "userDefined": false
      }
    ],
    "isTemplate": false,
    "count": 0,
    "updated": 0
  }
]