[
  {
    "id": "492f4388-fd9f-4a38-86f4-5ee1c0d53fd8",
    "data": [
      {
        "text": "cancel",
        "userDefined": false
      }
    ],
    "isTemplate": false,
    "count": 0,
    "updated": 0
  },
  {
    "id": "7b7974e1-36be-4c1f-b3e7-3a503d827245",
    "data": [
      {
        "text": "I gotta go now",
        "userDefined": false
      }
    ],
    "isTemplate": false,
    "count": 0,
    "updated": 0
  },
  {
    "id": "7b737da3-b9bb-4e0f-b927-d5293e7c51d2",
    "data": [
      {
        "text": "later",
        "userDefined": false
      }
    ],
    "isTemplate": false,
    "count": 1,
    "updated": 0
  },
  {
    "id": "b8862d7e-e6cc-4d2f-9284-18b69cb5a0da",
    "data": [
      {
        "text": "goodbye",
        "userDefined": false
      }
    ],
    "isTemplate": false,
    "count": 0,
    "updated": 0
  },
  {
    "id": "9588a749-bf8c-438a-9688-e63403819f35",
    "data": [
      {
        "text": "bye",
        "userDefined": false
      }
    ],
    "isTemplate": false,
    "count": 1,
    "updated": 0
  },
  {
    "id": "6be1e7a0-9435-4d09-820e-1eec8df86c8d",
    "data": [
      {
        "text": "adios",
        "userDefined": false
      }
    ],
    "isTemplate": false,
    "count": 0,
    "updated": 0
  },
  {
    "id": "a671ded5-d487-459f-ac72-8d8ff21659bf",
    "data": [
      {
        "text": "ciao",
        "userDefined": false
      }
    ],
    "isTemplate": false,
    "count": 0,
    "updated": 0
  },
  {
    "id": "e32b8ad0-6cc0-46d3-92eb-2561d77666b2",
    "data": [
      {
        "text": "bye bye",
        "userDefined": false
      }
    ],
    "isTemplate": false,
    "count": 0,
    "updated": 0
  },
  {
    "id": "b2f2517c-d024-4c2e-a9db-82e5118a8abc",
    "data": [
      {
        "text": "I have to go now",
        "userDefined": false
      }
    ],
    "isTemplate": false,
    "count": 1,
    "updated": 0
  },
  {
    "id": "88bee813-18b4-44df-ac07-9a05f34f2035",
    "data": [
      {
        "text": "ta",
        "userDefined": false
      }
    ],
    "isTemplate": false,
    "count": 0,
    "updated": 0
  },
  {
    "id": "e2365782-d5e6-4f03-a767-69668ac3e887",
    "data": [
      {
        "text": "seeya",
        "userDefined": false
      }
    ],
    "isTemplate": false,
    "count": 0,
    "updated": 0
  },
  {
    "id": "4073872c-2fde-45d4-b09c-6d485f49018d",
    "data": [
      {
        "text": "never again",
        "userDefined": false
      }
    ],
    "isTemplate": false,
    "count": 0,
    "updated": 0
  },
  {
    "id": "bfb1e64a-4bf7-4c90-ad0c-e12743c84da2",
    "data": [
      {
        "text": "sayonara",
        "userDefined": false
      }
    ],
    "isTemplate": false,
    "count": 0,
    "updated": 0
  },
  {
    "id": "75a5d816-d652-4029-93de-a1bfc6586374",
    "data": [
      {
        "text": "ttyl",
        "userDefined": false
      }
    ],
    "isTemplate": false,
    "count": 0,
    "updated": 0
  },
  {
    "id": "1951d50a-81e7-46c0-9233-61f350224ff9",
    "data": [
      {
        "text": "nope",
        "userDefined": false
      }
    ],
    "isTemplate": false,
    "count": 0,
    "updated": 0
  },
  {
    "id": "441e7c50-bbf6-4b7e-97df-48730873d0e1",
    "data": [
      {
        "text": "laters",
        "userDefined": false
      }
    ],
    "isTemplate": false,
    "count": 1,
    "updated": 0
  },
  {
    "id": "1009ecc2-e652-4f29-a449-9aae7b5664f8",
    "data": [
      {
        "text": "nay",
        "userDefined": false
      }
    ],
    "isTemplate": false,
    "count": 0,
    "updated": 0
  },
  {
    "id": "332510ac-5fac-4790-942e-cfe575cda0be",
    "data": [
      {
        "text": "farewell",
        "userDefined": false
      }
    ],
    "isTemplate": false,
    "count": 0,
    "updated": 0
  },
  {
    "id": "aa9d57d6-ba19-4de8-b6cc-9fd0e9404617",
    "data": [
      {
        "text": "exit",
        "userDefined": false
      }
    ],
    "isTemplate": false,
    "count": 1,
    "updated": 0
  },
  {
    "id": "229fa2b0-18b8-445f-9130-205b6bc86613",
    "data": [
      {
        "text": "quit",
        "userDefined": false
      }
    ],
    "isTemplate": false,
    "count": 0,
    "updated": 0
  },
  {
    "id": "cc060a25-5e5f-4931-a974-0e0127f31ee7",
    "data": [
      {
        "text": "see ya",
        "userDefined": false
      }
    ],
    "isTemplate": false,
    "count": 0,
    "updated": 0
  },
  {
    "id": "e5e20bca-d316-4336-9de8-1740e13a9efd",
    "data": [
      {
        "text": "nah",
        "userDefined": false
      }
    ],
    "isTemplate": false,
    "count": 0,
    "updated": 0
  },
  {
    "id": "bf933b42-e12a-49c9-8d33-d90365221126",
    "data": [
      {
        "text": "au revoir",
        "userDefined": false
      }
    ],
    "isTemplate": false,
    "count": 0,
    "updated": 0
  },
  {
    "id": "c723abb6-338d-45fb-ac8b-fbd0b3a172b5",
    "data": [
      {
        "text": "that\u0027s it for now",
        "userDefined": false
      }
    ],
    "isTemplate": false,
    "count": 0,
    "updated": 0
  },
  {
    "id": "21f662a7-f18c-4702-a605-eff1229598aa",
    "data": [
      {
        "text": "that\u0027s enough",
        "userDefined": false
      }
    ],
    "isTemplate": false,
    "count": 0,
    "updated": 0
  },
  {
    "id": "7ab866d8-b039-4568-ac98-43948a739833",
    "data": [
      {
        "text": "ta ta",
        "userDefined": false
      }
    ],
    "isTemplate": false,
    "count": 0,
    "updated": 0
  },
  {
    "id": "27071d93-cde1-4f36-977b-9fa8a010fbf9",
    "data": [
      {
        "text": "cu",
        "userDefined": false
      }
    ],
    "isTemplate": false,
    "count": 1,
    "updated": 0
  },
  {
    "id": "0c852ee5-529c-4302-a7a9-f741a8065c2d",
    "data": [
      {
        "text": "no thanks",
        "userDefined": false
      }
    ],
    "isTemplate": false,
    "count": 0,
    "updated": 0
  },
  {
    "id": "0f0079de-7109-4470-9c1a-4f24a0c360af",
    "data": [
      {
        "text": "gotta go",
        "userDefined": false
      }
    ],
    "isTemplate": false,
    "count": 0,
    "updated": 0
  },
  {
    "id": "8d0bfa03-06fd-47ec-9ad8-691c0df4ac4d",
    "data": [
      {
        "text": "no",
        "userDefined": false
      }
    ],
    "isTemplate": false,
    "count": 0,
    "updated": 0
  },
  {
    "id": "f3d6b10b-e503-4aa6-9b35-40317ab42851",
    "data": [
      {
        "text": "I have to leave now",
        "userDefined": false
      }
    ],
    "isTemplate": false,
    "count": 0,
    "updated": 0
  },
  {
    "id": "38f913f5-08e9-458b-9d13-751dbfec0455",
    "data": [
      {
        "text": "cya",
        "userDefined": false
      }
    ],
    "isTemplate": false,
    "count": 0,
    "updated": 0
  },
  {
    "id": "9c8776db-d630-4cf5-8c05-9e07b28b8594",
    "data": [
      {
        "text": "gtg",
        "userDefined": false
      }
    ],
    "isTemplate": false,
    "count": 0,
    "updated": 0
  },
  {
    "id": "d1f9404b-b9a4-4050-a4a0-2dfb29a757d8",
    "data": [
      {
        "text": "good bye",
        "userDefined": false
      }
    ],
    "isTemplate": false,
    "count": 1,
    "updated": 0
  },
  {
    "id": "d3cd7ac6-e2b5-405d-9542-72c2c36b8f3e",
    "data": [
      {
        "text": "done",
        "userDefined": false
      }
    ],
    "isTemplate": false,
    "count": 0,
    "updated": 0
  },
  {
    "id": "146b41a1-1438-4835-a257-35ffe8dde3b0",
    "data": [
      {
        "text": "arrivederci",
        "userDefined": false
      }
    ],
    "isTemplate": false,
    "count": 0,
    "updated": 0
  },
  {
    "id": "011d64dc-3c2f-4d8f-a8d6-5059de1551e5",
    "data": [
      {
        "text": "ok bye",
        "userDefined": false
      }
    ],
    "isTemplate": false,
    "count": 1,
    "updated": 0
  },
  {
    "id": "62de7768-b1af-40db-80cf-1a3744d08a50",
    "data": [
      {
        "text": "I gotta leave now",
        "userDefined": false
      }
    ],
    "isTemplate": false,
    "count": 1,
    "updated": 0
  },
  {
    "id": "6d0ea293-0ad2-4bb4-90fb-9855ff0e0d89",
    "data": [
      {
        "text": "talk to you later",
        "userDefined": false
      }
    ],
    "isTemplate": false,
    "count": 0,
    "updated": 0
  },
  {
    "id": "9cccd4d3-9d98-4e1f-b086-52d1d8e14bba",
    "data": [
      {
        "text": "see you",
        "userDefined": false
      }
    ],
    "isTemplate": false,
    "count": 0,
    "updated": 0
  },
  {
    "id": "2e922adb-fefc-4f2b-9a9a-21ef17cc0823",
    "data": [
      {
        "text": "I need to leave now",
        "userDefined": false
      }
    ],
    "isTemplate": false,
    "count": 0,
    "updated": 0
  },
  {
    "id": "e55df1e0-e8a0-4143-80b5-001739829293",
    "data": [
      {
        "text": "adieu",
        "userDefined": false
      }
    ],
    "isTemplate": false,
    "count": 0,
    "updated": 0
  }
]