[
  {
    "id": "0ae51903-5b13-415e-92a5-8645f167f1fa",
    "data": [
      {
        "text": "what can i do",
        "userDefined": false
      }
    ],
    "isTemplate": false,
    "count": 1,
    "updated": 0
  },
  {
    "id": "fd78692f-051c-4e34-9e6c-daf10db18a95",
    "data": [
      {
        "text": "what do you do",
        "userDefined": false
      }
    ],
    "isTemplate": false,
    "count": 1,
    "updated": 0
  },
  {
    "id": "ab0e768f-fbd0-4a5a-8b47-24f33b82b468",
    "data": [
      {
        "text": "what are you",
        "userDefined": false
      }
    ],
    "isTemplate": false,
    "count": 1,
    "updated": 0
  },
  {
    "id": "0d6e89e3-50c6-4abc-92e6-2e252d3112b6",
    "data": [
      {
        "text": "What can we do",
        "userDefined": false
      }
    ],
    "isTemplate": false,
    "count": 1,
    "updated": 0
  },
  {
    "id": "c474c957-55dc-448c-b9da-0c01301740ed",
    "data": [
      {
        "text": "what am i supposed to do",
        "userDefined": false
      }
    ],
    "isTemplate": false,
    "count": 0,
    "updated": 0
  },
  {
    "id": "23784208-f6d1-4c6d-bb21-4739bf6b7140",
    "data": [
      {
        "text": "what do i do",
        "userDefined": false
      }
    ],
    "isTemplate": false,
    "count": 0,
    "updated": 0
  },
  {
    "id": "198d52f5-59fe-476d-acb4-e2b1dc223880",
    "data": [
      {
        "text": "how to use this",
        "userDefined": false
      }
    ],
    "isTemplate": false,
    "count": 0,
    "updated": 0
  },
  {
    "id": "90512f3a-2c4f-416e-924e-7621af667b3e",
    "data": [
      {
        "text": "how to use",
        "userDefined": false
      }
    ],
    "isTemplate": false,
    "count": 0,
    "updated": 0
  },
  {
    "id": "117dafd8-40c5-43fd-9493-80e48c4f51a0",
    "data": [
      {
        "text": "help",
        "userDefined": false
      }
    ],
    "isTemplate": false,
    "count": 0,
    "updated": 0
  },
  {
    "id": "be8ac8e2-f603-4aed-83e4-d5b1d3ea6ea6",
    "data": [
      {
        "text": "how can i use this",
        "userDefined": false
      }
    ],
    "isTemplate": false,
    "count": 0,
    "updated": 0
  },
  {
    "id": "2d73dd15-989e-4f57-8f4f-e6051c4d4efc",
    "data": [
      {
        "text": "how do i use you",
        "userDefined": false
      }
    ],
    "isTemplate": false,
    "count": 0,
    "updated": 0
  },
  {
    "id": "48d56331-1fda-4c89-b45b-5234916d1afb",
    "data": [
      {
        "text": "how do i use this",
        "userDefined": false
      }
    ],
    "isTemplate": false,
    "count": 0,
    "updated": 0
  },
  {
    "id": "ff672383-ed21-4622-8ff1-10dd94775363",
    "data": [
      {
        "text": "what can you do",
        "userDefined": false
      }
    ],
    "isTemplate": false,
    "count": 0,
    "updated": 0
  }
]