[
  {
    "id": "4583d9b0-9117-4454-bfa1-2cdf68d7a9cd",
    "data": [
      {
        "text": "what can i do",
        "userDefined": false
      }
    ],
    "isTemplate": false,
    "count": 1,
    "updated": 0
  },
  {
    "id": "18c7828e-e8c3-4d64-8593-31098955b454",
    "data": [
      {
        "text": "what do you do",
        "userDefined": false
      }
    ],
    "isTemplate": false,
    "count": 1,
    "updated": 0
  },
  {
    "id": "4c6d0b0f-39f4-4206-808a-467f18ad29b5",
    "data": [
      {
        "text": "what are you",
        "userDefined": false
      }
    ],
    "isTemplate": false,
    "count": 1,
    "updated": 0
  },
  {
    "id": "c52cb9ef-e43a-456b-931e-010b6f3028bb",
    "data": [
      {
        "text": "What can we do",
        "userDefined": false
      }
    ],
    "isTemplate": false,
    "count": 1,
    "updated": 0
  },
  {
    "id": "5ffdb248-a098-46f5-8a8f-45cacda01b9d",
    "data": [
      {
        "text": "what am i supposed to do",
        "userDefined": false
      }
    ],
    "isTemplate": false,
    "count": 0,
    "updated": 0
  },
  {
    "id": "161bf915-e38c-46c5-ba51-0d3025324b26",
    "data": [
      {
        "text": "what do i do",
        "userDefined": false
      }
    ],
    "isTemplate": false,
    "count": 0,
    "updated": 0
  },
  {
    "id": "8099e436-e638-4715-a97c-af4c9c3af8eb",
    "data": [
      {
        "text": "how to use this",
        "userDefined": false
      }
    ],
    "isTemplate": false,
    "count": 0,
    "updated": 0
  },
  {
    "id": "e2b0a198-a8af-45e7-ba6d-4247dc347096",
    "data": [
      {
        "text": "how to use",
        "userDefined": false
      }
    ],
    "isTemplate": false,
    "count": 0,
    "updated": 0
  },
  {
    "id": "c8b53ef0-46dd-46e5-97a2-d8fa7c614081",
    "data": [
      {
        "text": "help",
        "userDefined": false
      }
    ],
    "isTemplate": false,
    "count": 0,
    "updated": 0
  },
  {
    "id": "a1b81b00-ea64-45e3-a94f-e46e956ef269",
    "data": [
      {
        "text": "how can i use this",
        "userDefined": false
      }
    ],
    "isTemplate": false,
    "count": 0,
    "updated": 0
  },
  {
    "id": "7d99a199-e5e1-4591-977e-f9d3888be360",
    "data": [
      {
        "text": "how do i use you",
        "userDefined": false
      }
    ],
    "isTemplate": false,
    "count": 0,
    "updated": 0
  },
  {
    "id": "f992d385-2543-49e5-a68e-a6063121128b",
    "data": [
      {
        "text": "how do i use this",
        "userDefined": false
      }
    ],
    "isTemplate": false,
    "count": 0,
    "updated": 0
  },
  {
    "id": "23535a13-dd7e-47c2-8509-bf1bee6feaf2",
    "data": [
      {
        "text": "what can you do",
        "userDefined": false
      }
    ],
    "isTemplate": false,
    "count": 0,
    "updated": 0
  }
]